date,seq,kind,problem,file
6월7일,1,oos,6.1,_범위밖/01_new_06-01.png
6월7일,2,cut,6.2,_제외/02_new_06-02.png
6월7일,3,cut,6.3,_제외/03_new_06-03.png
6월7일,4,oos,6.4,_범위밖/04_new_06-04.png
6월7일,5,cut,6.5,_제외/05_new_06-05.png
6월7일,6,oos,6.13,_범위밖/06_new_06-13.png
6월7일,7,cut,6.14,_제외/07_new_06-14.png
6월7일,8,cut,6.15,_제외/08_new_06-15.png
6월7일,9,oos,6.16,_범위밖/09_new_06-16.png
6월7일,10,cut,6.17,_제외/10_new_06-17.png
6월7일,11,new,6.22,11_new_06-22.png
6월7일,12,cut,6.23,_제외/12_new_06-23.png
6월8일,1,new,9.1,01_new_09-01.png
6월8일,2,cut,9.2,_제외/02_new_09-02.png
6월8일,3,new,9.3,03_new_09-03.png
6월8일,4,cut,9.4,_제외/04_new_09-04.png
6월9일,1,new,9.5,01_new_09-05.png
6월9일,2,cut,9.6,_제외/02_new_09-06.png
6월9일,3,cut,9.7,_제외/03_new_09-07.png
6월9일,4,new,9.43,04_new_09-43.png
6월10일,1,new,9.91,01_new_09-91.png
6월10일,2,new,9.92,02_new_09-92.png
6월10일,3,new,9.93,03_new_09-93.png
6월10일,21,hold,9.54,_보류/01_new_09-54.png
6월10일,22,hold,9.55,_보류/02_new_09-55.png
6월10일,23,hold,9.60,_보류/03_new_09-60.png
6월11일,1,oos,10.39,_범위밖/01_new_10-39.png
6월11일,2,cut,10.40,_제외/02_new_10-40.png
6월11일,3,cut,10.41,_제외/03_new_10-41.png
6월11일,4,mock,10.42,04_new_10-42.png
6월11일,5,cut,10.43,_제외/05_new_10-43.png
6월11일,6,new,10.44,06_new_10-44.png
6월11일,7,cut,10.45,_제외/07_new_10-45.png
6월11일,8,new,10.46,08_new_10-46.png
6월11일,9,cut,10.47,_제외/09_new_10-47.png
6월11일,10,cut,10.48,_제외/10_new_10-48.png
6월11일,11,cut,10.49,_제외/11_new_10-49.png
6월12일,1,new,14.1,01_new_14-01.png
6월12일,2,cut,14.2,_제외/02_new_14-02.png
6월12일,3,cut,14.3,_제외/03_new_14-03.png
6월12일,4,new,14.4,04_new_14-04.png
6월12일,5,cut,14.5,_제외/05_new_14-05.png
6월12일,6,cut,14.6,_제외/06_new_14-06.png
6월12일,7,new,14.11,07_new_14-11.png
6월12일,8,cut,14.12,_제외/08_new_14-12.png
6월12일,9,new,14.13,09_new_14-13.png
6월12일,10,cut,14.14,_제외/10_new_14-14.png
6월12일,11,cut,14.15,_제외/11_new_14-15.png
6월13일,1,new,14.18,01_new_14-18.png
6월13일,2,cut,14.19,_제외/02_new_14-19.png
6월13일,3,cut,14.20,_제외/03_new_14-20.png
6월13일,4,new,14.21,04_new_14-21.png
6월13일,5,cut,14.22,_제외/05_new_14-22.png
6월13일,6,mock,14.23,06_new_14-23.png
6월13일,7,cut,14.24,_제외/07_new_14-24.png
6월13일,8,new,14.35,08_new_14-35.png
6월13일,9,cut,14.36,_제외/09_new_14-36.png
6월13일,10,cut,14.37,_제외/10_new_14-37.png
6월13일,11,new,14.38,11_new_14-38.png
6월13일,12,cut,14.39,_제외/12_new_14-39.png
6월13일,13,mock,14.40,13_new_14-40.png
6월13일,14,cut,14.41,_제외/14_new_14-41.png
6월14일,1,oos,6.6,_범위밖/01_new_06-06.png
6월14일,2,cut,6.7,_제외/02_new_06-07.png
6월14일,3,cut,9.8,_제외/03_new_09-08.png
6월14일,4,cut,9.9,_제외/04_new_09-09.png
6월14일,5,cut,9.10,_제외/05_new_09-10.png
6월14일,6,hold,9.56,_보류/06_new_09-56.png
6월14일,7,cut,9.61,_제외/07_new_09-61.png
6월14일,8,new,10.50,08_new_10-50.png
6월14일,9,cut,10.51,_제외/09_new_10-51.png
6월14일,10,new,14.25,10_new_14-25.png
6월14일,11,cut,14.26,_제외/11_new_14-26.png
6월14일,12,mock,9.94,11_mock_09-94.png
6월15일,1,cut,10.52,_제외/01_new_10-52.png
6월15일,2,cut,14.42,_제외/02_new_14-42.png
